name,size
java,
java.applet,
java.applet.Applet.AccessibleApplet,28364.0
java.applet.Applet,76274.0
java.applet.AppletContext,23803.0
java.applet.AppletStub,15082.0
java.applet.AudioClip,9678.0
java.awt,
java.awt.ActiveEvent,9773.0
java.awt.Adjustable,24452.0
java.awt.AlphaComposite,67577.0
java.awt.AWTError,11731.0
java.awt.AWTEvent,40847.0
java.awt.AWTEventMulticaster,145058.0
java.awt.AWTException,11949.0
java.awt.AWTKeyStroke,42284.0
java.awt.AWTPermission,21103.0
java.awt.BasicStroke,41262.0
java.awt.BorderLayout,61512.0
java.awt.BufferCapabilities.FlipContents,21794.0
java.awt.BufferCapabilities,24498.0
java.awt.Button.AccessibleAWTButton,41447.0
java.awt.Button,60582.0
java.awt.Canvas.AccessibleAWTCanvas,25068.0
java.awt.Canvas,48394.0
java.awt.CardLayout,42667.0
java.awt.Checkbox.AccessibleAWTCheckbox,43303.0
java.awt.Checkbox,70815.0
java.awt.CheckboxGroup,18843.0
java.awt.CheckboxMenuItem.AccessibleAWTCheckboxMenuItem,43823.0
java.awt.CheckboxMenuItem,43807.0
java.awt.Choice.AccessibleAWTChoice,32088.0
java.awt.Choice,72450.0
java.awt.color,
java.awt.color.CMMException,11890.0
java.awt.color.ColorSpace,57273.0
java.awt.color.ICC_ColorSpace,39836.0
java.awt.color.ICC_Profile,129480.0
java.awt.color.ICC_ProfileGray,28025.0
java.awt.color.ICC_ProfileRGB,34453.0
java.awt.color.ProfileDataException,12110.0
java.awt.Color,89642.0
java.awt.Component.AccessibleAWTComponent.AccessibleAWTComponentHandler,18276.0
java.awt.Component.AccessibleAWTComponent.AccessibleAWTFocusHandler,14926.0
java.awt.Component.AccessibleAWTComponent,85855.0
java.awt.Component.BaselineResizeBehavior,21092.0
java.awt.Component.BltBufferStrategy,26619.0
java.awt.Component.FlipBufferStrategy,34011.0
java.awt.Component,390957.0
java.awt.ComponentOrientation,20158.0
java.awt.Composite,13209.0
java.awt.CompositeContext,11898.0
java.awt.Container.AccessibleAWTContainer.AccessibleContainerHandler,15147.0
java.awt.Container.AccessibleAWTContainer,35846.0
java.awt.Container,179317.0
java.awt.ContainerOrderFocusTraversalPolicy,30726.0
java.awt.Cursor,33414.0
java.awt.datatransfer,
java.awt.datatransfer.Clipboard,32651.0
java.awt.datatransfer.ClipboardOwner,10923.0
java.awt.datatransfer.DataFlavor,99922.0
java.awt.datatransfer.FlavorEvent,12444.0
java.awt.datatransfer.FlavorListener,10800.0
java.awt.datatransfer.FlavorMap,13551.0
java.awt.datatransfer.FlavorTable,14269.0
java.awt.datatransfer.MimeTypeParseException,12797.0
java.awt.datatransfer.StringSelection,22028.0
java.awt.datatransfer.SystemFlavorMap,45421.0
java.awt.datatransfer.Transferable,13771.0
java.awt.datatransfer.UnsupportedFlavorException,12404.0
java.awt.DefaultFocusTraversalPolicy,17423.0
java.awt.DefaultKeyboardFocusManager,43286.0
java.awt.Desktop.Action,18445.0
java.awt.Desktop,32685.0
java.awt.Dialog.AccessibleAWTDialog,28383.0
java.awt.Dialog,130888.0
java.awt.Dialog.ModalExclusionType,18183.0
java.awt.Dialog.ModalityType,19611.0
java.awt.Dimension,29086.0
java.awt.DisplayMode,26132.0
java.awt.dnd,
java.awt.dnd.Autoscroll,11048.0
java.awt.dnd.DnDConstants,15387.0
java.awt.dnd.DragGestureEvent,34863.0
java.awt.dnd.DragGestureListener,11338.0
java.awt.dnd.DragGestureRecognizer,43080.0
java.awt.dnd.DragSource,69890.0
java.awt.dnd.DragSourceAdapter,23062.0
java.awt.dnd.DragSourceContext,48807.0
java.awt.dnd.DragSourceDragEvent,25472.0
java.awt.dnd.DragSourceDropEvent,21586.0
java.awt.dnd.DragSourceEvent,21221.0
java.awt.dnd.DragSourceListener,16216.0
java.awt.dnd.DragSourceMotionListener,11088.0
java.awt.dnd.DropTarget.DropTargetAutoScroller,15132.0
java.awt.dnd.DropTarget,54757.0
java.awt.dnd.DropTargetAdapter,20258.0
java.awt.dnd.DropTargetContext,28506.0
java.awt.dnd.DropTargetContext.TransferableProxy,19286.0
java.awt.dnd.DropTargetDragEvent,26856.0
java.awt.dnd.DropTargetDropEvent,31280.0
java.awt.dnd.DropTargetEvent,16301.0
java.awt.dnd.DropTargetListener,17900.0
java.awt.dnd.InvalidDnDOperationException,13463.0
java.awt.dnd.MouseDragGestureRecognizer,34396.0
java.awt.event,
java.awt.event.ActionEvent,34281.0
java.awt.event.ActionListener,19766.0
java.awt.event.AdjustmentEvent,34978.0
java.awt.event.AdjustmentListener,9702.0
java.awt.event.AWTEventListener,10872.0
java.awt.event.AWTEventListenerProxy,15594.0
java.awt.event.ComponentAdapter,18012.0
java.awt.event.ComponentEvent,26849.0
java.awt.event.ComponentListener,14455.0
java.awt.event.ContainerAdapter,15051.0
java.awt.event.ContainerEvent,26785.0
java.awt.event.ContainerListener,12639.0
java.awt.event.FocusAdapter,15041.0
java.awt.event.FocusEvent,32390.0
java.awt.event.FocusListener,13939.0
java.awt.event.HierarchyBoundsAdapter,15055.0
java.awt.event.HierarchyBoundsListener,11925.0
java.awt.event.HierarchyEvent,38847.0
java.awt.event.HierarchyListener,10797.0
java.awt.event.InputEvent,44957.0
java.awt.event.InputMethodEvent,41105.0
java.awt.event.InputMethodListener,11230.0
java.awt.event.InvocationEvent,43166.0
java.awt.event.ItemEvent,27259.0
java.awt.event.ItemListener,11474.0
java.awt.event.KeyAdapter,16204.0
java.awt.event.KeyEvent,191105.0
java.awt.event.KeyListener,13231.0
java.awt.event.MouseAdapter,26537.0
java.awt.event.MouseEvent,81822.0
java.awt.event.MouseListener,18957.0
java.awt.event.MouseMotionAdapter,15841.0
java.awt.event.MouseMotionListener,17279.0
java.awt.event.MouseWheelEvent,53175.0
java.awt.event.MouseWheelListener,13509.0
java.awt.event.PaintEvent,25712.0
java.awt.event.TextEvent,21435.0
java.awt.event.TextListener,10499.0
java.awt.event.WindowAdapter,26469.0
java.awt.event.WindowEvent,47859.0
java.awt.event.WindowFocusListener,12546.0
java.awt.event.WindowListener,17423.0
java.awt.event.WindowStateListener,10642.0
java.awt.Event,81237.0
java.awt.EventQueue,35045.0
java.awt.FileDialog,76248.0
java.awt.FlowLayout,40397.0
java.awt.FocusTraversalPolicy,26189.0
java.awt.font,
java.awt.font.FontRenderContext,32767.0
java.awt.font.GlyphJustificationInfo,23664.0
java.awt.font.GlyphMetrics,31616.0
java.awt.font.GlyphVector,68299.0
java.awt.font.GraphicAttribute,28242.0
java.awt.font.ImageGraphicAttribute,28067.0
java.awt.font.LayoutPath,15822.0
java.awt.font.LineBreakMeasurer,37186.0
java.awt.font.LineMetrics,21005.0
java.awt.font.MultipleMaster,15653.0
java.awt.font.NumericShaper,57149.0
java.awt.font.NumericShaper.Range,36802.0
java.awt.font.OpenType,54715.0
java.awt.font.ShapeGraphicAttribute,30852.0
java.awt.font.TextAttribute,100933.0
java.awt.font.TextHitInfo,27090.0
java.awt.font.TextLayout.CaretPolicy,14045.0
java.awt.font.TextLayout,104119.0
java.awt.font.TextMeasurer,28596.0
java.awt.font.TransformAttribute,20523.0
java.awt.Font,152919.0
java.awt.FontFormatException,12083.0
java.awt.FontMetrics,65792.0
java.awt.Frame.AccessibleAWTFrame,28312.0
java.awt.Frame,127853.0
java.awt.geom,
java.awt.geom.AffineTransform,148621.0
java.awt.geom.Arc2D.Double,43707.0
java.awt.geom.Arc2D.Float,43593.0
java.awt.geom.Arc2D,66716.0
java.awt.geom.Area,60451.0
java.awt.geom.CubicCurve2D.Double,44427.0
java.awt.geom.CubicCurve2D.Float,46700.0
java.awt.geom.CubicCurve2D,80185.0
java.awt.geom.Dimension2D,17759.0
java.awt.geom.Ellipse2D.Double,31861.0
java.awt.geom.Ellipse2D.Float,33258.0
java.awt.geom.Ellipse2D,29594.0
java.awt.geom.FlatteningPathIterator,25309.0
java.awt.geom.GeneralPath,21619.0
java.awt.geom.IllegalPathStateException,13512.0
java.awt.geom.Line2D.Double,33433.0
java.awt.geom.Line2D.Float,34641.0
java.awt.geom.Line2D,83579.0
java.awt.geom.NoninvertibleTransformException,12751.0
java.awt.geom.Path2D.Double,41642.0
java.awt.geom.Path2D.Float,49130.0
java.awt.geom.Path2D,82637.0
java.awt.geom.PathIterator,26032.0
java.awt.geom.Point2D.Double,21335.0
java.awt.geom.Point2D.Float,22332.0
java.awt.geom.Point2D,30495.0
java.awt.geom.QuadCurve2D.Double,37602.0
java.awt.geom.QuadCurve2D.Float,39119.0
java.awt.geom.QuadCurve2D,75242.0
java.awt.geom.Rectangle2D.Double,42378.0
java.awt.geom.Rectangle2D.Float,43715.0
java.awt.geom.Rectangle2D,64572.0
java.awt.geom.RectangularShape,53690.0
java.awt.geom.RoundRectangle2D.Double,38509.0
java.awt.geom.RoundRectangle2D.Float,40127.0
java.awt.geom.RoundRectangle2D,37281.0
java.awt.GradientPaint,33142.0
java.awt.Graphics,118586.0
java.awt.Graphics2D,117714.0
java.awt.GraphicsConfigTemplate,19487.0
java.awt.GraphicsConfiguration,44853.0
java.awt.GraphicsDevice,44507.0
java.awt.GraphicsDevice.WindowTranslucency,18178.0
java.awt.GraphicsEnvironment,38072.0
java.awt.GridBagConstraints,63382.0
java.awt.GridBagLayout,81065.0
java.awt.GridBagLayoutInfo,8967.0
java.awt.GridLayout,34859.0
java.awt.HeadlessException,14846.0
java.awt.IllegalComponentStateException,13284.0
java.awt.im,
java.awt.im.InputContext,32794.0
java.awt.im.InputMethodHighlight,27228.0
java.awt.im.InputMethodRequests,23531.0
java.awt.im.InputSubset,18747.0
java.awt.im.spi,
java.awt.im.spi.InputMethod,35830.0
java.awt.im.spi.InputMethodContext,20724.0
java.awt.im.spi.InputMethodDescriptor,17192.0
java.awt.image,
java.awt.image.AffineTransformOp,41512.0
java.awt.image.AreaAveragingScaleFilter,27082.0
java.awt.image.BandCombineOp,24474.0
java.awt.image.BandedSampleModel,67287.0
java.awt.image.BufferedImage,117529.0
java.awt.image.BufferedImageFilter,32578.0
java.awt.image.BufferedImageOp,19623.0
java.awt.image.BufferStrategy,22211.0
java.awt.image.ByteLookupTable,19551.0
java.awt.image.ColorConvertOp,40469.0
java.awt.image.ColorModel,119759.0
java.awt.image.ComponentColorModel,108414.0
java.awt.image.ComponentSampleModel,87415.0
java.awt.image.ConvolveOp,38414.0
java.awt.image.CropImageFilter,26776.0
java.awt.image.DataBuffer,49439.0
java.awt.image.DataBufferByte,31390.0
java.awt.image.DataBufferDouble,43884.0
java.awt.image.DataBufferFloat,43747.0
java.awt.image.DataBufferInt,31231.0
java.awt.image.DataBufferShort,31300.0
java.awt.image.DataBufferUShort,31664.0
java.awt.image.DirectColorModel,81039.0
java.awt.image.FilteredImageSource,23585.0
java.awt.image.ImageConsumer,31657.0
java.awt.image.ImageFilter,36999.0
java.awt.image.ImageObserver,34988.0
java.awt.image.ImageProducer,17667.0
java.awt.image.ImagingOpException,12640.0
java.awt.image.IndexColorModel,92728.0
java.awt.image.Kernel,17723.0
java.awt.image.LookupOp,32964.0
java.awt.image.LookupTable,15858.0
java.awt.image.MemoryImageSource,47763.0
java.awt.image.MultiPixelPackedSampleModel,65208.0
java.awt.image.PackedColorModel,38686.0
java.awt.image.PixelGrabber,48340.0
java.awt.image.PixelInterleavedSampleModel,30384.0
java.awt.image.Raster,131595.0
java.awt.image.RasterFormatException,12532.0
java.awt.image.RasterOp,18107.0
java.awt.image.renderable,
java.awt.image.renderable.ContextualRenderedImageFactory,21353.0
java.awt.image.renderable.ParameterBlock,73850.0
java.awt.image.renderable.RenderableImage,25483.0
java.awt.image.renderable.RenderableImageOp,36003.0
java.awt.image.renderable.RenderableImageProducer,24271.0
java.awt.image.renderable.RenderContext,32763.0
java.awt.image.renderable.RenderedImageFactory,11529.0
java.awt.image.RenderedImage,29521.0
java.awt.image.ReplicateScaleFilter,32694.0
java.awt.image.RescaleOp,36190.0
java.awt.image.RGBImageFilter,38141.0
java.awt.image.SampleModel,109135.0
java.awt.image.ShortLookupTable,19011.0
java.awt.image.SinglePixelPackedSampleModel,68541.0
java.awt.image.TileObserver,10285.0
java.awt.image.VolatileImage,38925.0
java.awt.image.WritableRaster,67652.0
java.awt.image.WritableRenderedImage,20924.0
java.awt.Image,37549.0
java.awt.ImageCapabilities,17138.0
java.awt.Insets,22296.0
java.awt.ItemSelectable,13609.0
java.awt.JobAttributes.DefaultSelectionType,18396.0
java.awt.JobAttributes.DestinationType,17182.0
java.awt.JobAttributes.DialogType,18002.0
java.awt.JobAttributes,68107.0
java.awt.JobAttributes.MultipleDocumentHandlingType,18187.0
java.awt.JobAttributes.SidesType,19111.0
java.awt.KeyboardFocusManager,145590.0
java.awt.KeyEventDispatcher,13528.0
java.awt.KeyEventPostProcessor,13875.0
java.awt.Label.AccessibleAWTLabel,26329.0
java.awt.Label,50529.0
java.awt.LayoutManager,19022.0
java.awt.LayoutManager2,17078.0
java.awt.LinearGradientPaint,40323.0
java.awt.List.AccessibleAWTList.AccessibleAWTListChild,84729.0
java.awt.List.AccessibleAWTList,47598.0
java.awt.List,114890.0
java.awt.MediaTracker,52770.0
java.awt.Menu.AccessibleAWTMenu,27423.0
java.awt.Menu,41143.0
java.awt.MenuBar.AccessibleAWTMenuBar,25126.0
java.awt.MenuBar,32622.0
java.awt.MenuComponent.AccessibleAWTMenuComponent,90138.0
java.awt.MenuComponent,29415.0
java.awt.MenuContainer,20962.0
java.awt.MenuItem.AccessibleAWTMenuItem,41844.0
java.awt.MenuItem,51483.0
java.awt.MenuShortcut,22480.0
java.awt.MouseInfo,13634.0
java.awt.MultipleGradientPaint.ColorSpaceType,16667.0
java.awt.MultipleGradientPaint.CycleMethod,17204.0
java.awt.MultipleGradientPaint,19326.0
java.awt.PageAttributes.ColorType,16967.0
java.awt.PageAttributes,49798.0
java.awt.PageAttributes.MediaType,129202.0
java.awt.PageAttributes.OrientationRequestedType,17524.0
java.awt.PageAttributes.OriginType,17071.0
java.awt.PageAttributes.PrintQualityType,18076.0
java.awt.Paint,17332.0
java.awt.PaintContext,12522.0
java.awt.Panel.AccessibleAWTPanel,26727.0
java.awt.Panel,43590.0
java.awt.Point,30868.0
java.awt.PointerInfo,12496.0
java.awt.Polygon,56497.0
java.awt.PopupMenu.AccessibleAWTPopupMenu,27476.0
java.awt.PopupMenu,26877.0
java.awt.print,
java.awt.print.Book,23031.0
java.awt.print.Pageable,15255.0
java.awt.print.PageFormat,28628.0
java.awt.print.Paper,20361.0
java.awt.print.Printable,17801.0
java.awt.print.PrinterAbortException,13318.0
java.awt.print.PrinterException,13139.0
java.awt.print.PrinterGraphics,9850.0
java.awt.print.PrinterIOException,17056.0
java.awt.print.PrinterJob,55502.0
java.awt.PrintGraphics,8873.0
java.awt.PrintJob,15720.0
java.awt.RadialGradientPaint,55906.0
java.awt.Rectangle,94123.0
java.awt.RenderingHints,120867.0
java.awt.RenderingHints.Key,16862.0
java.awt.Robot,38733.0
java.awt.Scrollbar.AccessibleAWTScrollBar,34781.0
java.awt.Scrollbar,102755.0
java.awt.ScrollPane.AccessibleAWTScrollPane,26806.0
java.awt.ScrollPane,75671.0
java.awt.ScrollPaneAdjustable,38252.0
java.awt.SecondaryLoop,14463.0
java.awt.Shape,39237.0
java.awt.SplashScreen,26568.0
java.awt.Stroke,11304.0
java.awt.SystemColor,68008.0
java.awt.SystemTray,34437.0
java.awt.TextArea.AccessibleAWTTextArea,28132.0
java.awt.TextArea,81318.0
java.awt.TextComponent.AccessibleAWTTextComponent,47356.0
java.awt.TextComponent,77753.0
java.awt.TextField.AccessibleAWTTextField,28167.0
java.awt.TextField,81531.0
java.awt.TexturePaint,21994.0
java.awt.Toolkit,186745.0
java.awt.Transparency,14287.0
java.awt.TrayIcon,57150.0
java.awt.TrayIcon.MessageType,17174.0
java.awt.Window.AccessibleAWTWindow,28455.0
java.awt.Window,220984.0
java.awt.Window.Type,17104.0
java.beans,
java.beans.AppletInitializer,11812.0
java.beans.beancontext,
java.beans.beancontext.BeanContext,27504.0
java.beans.beancontext.BeanContextChild,21027.0
java.beans.beancontext.BeanContextChildComponentProxy,10025.0
java.beans.beancontext.BeanContextChildSupport,45597.0
java.beans.beancontext.BeanContextContainerProxy,9910.0
java.beans.beancontext.BeanContextEvent,19633.0
java.beans.beancontext.BeanContextMembershipEvent,22655.0
java.beans.beancontext.BeanContextMembershipListener,11814.0
java.beans.beancontext.BeanContextProxy,11029.0
java.beans.beancontext.BeanContextServiceAvailableEvent,19694.0
java.beans.beancontext.BeanContextServiceProvider,16649.0
java.beans.beancontext.BeanContextServiceProviderBeanInfo,11977.0
java.beans.beancontext.BeanContextServiceRevokedEvent,21212.0
java.beans.beancontext.BeanContextServiceRevokedListener,11260.0
java.beans.beancontext.BeanContextServices,35038.0
java.beans.beancontext.BeanContextServicesListener,11637.0
java.beans.beancontext.BeanContextServicesSupport.BCSSChild,9525.0
java.beans.beancontext.BeanContextServicesSupport.BCSSProxyServiceProvider,22813.0
java.beans.beancontext.BeanContextServicesSupport.BCSSServiceProvider,13488.0
java.beans.beancontext.BeanContextServicesSupport,93259.0
java.beans.beancontext.BeanContextSupport.BCSChild,9357.0
java.beans.beancontext.BeanContextSupport.BCSIterator,14566.0
java.beans.beancontext.BeanContextSupport,121342.0
java.beans.BeanDescriptor,16348.0
java.beans.BeanInfo,24040.0
java.beans.Beans,29550.0
java.beans.ConstructorProperties,10068.0
java.beans.Customizer,11737.0
java.beans.DefaultPersistenceDelegate,25414.0
java.beans.DesignMode,14459.0
java.beans.Encoder,28436.0
java.beans.EventHandler,45829.0
java.beans.EventSetDescriptor,42956.0
java.beans.ExceptionListener,9185.0
java.beans.Expression,25803.0
java.beans.FeatureDescriptor,27733.0
java.beans.IndexedPropertyChangeEvent,16244.0
java.beans.IndexedPropertyDescriptor,33179.0
java.beans.IntrospectionException,12220.0
java.beans.Introspector,31770.0
java.beans.MethodDescriptor,16628.0
java.beans.ParameterDescriptor,11708.0
java.beans.PersistenceDelegate,24679.0
java.beans.PropertyChangeEvent,20898.0
java.beans.PropertyChangeListener,19676.0
java.beans.PropertyChangeListenerProxy,16205.0
java.beans.PropertyChangeSupport,39550.0
java.beans.PropertyDescriptor,36308.0
java.beans.PropertyEditor,24884.0
java.beans.PropertyEditorManager,18414.0
java.beans.PropertyEditorSupport,33793.0
java.beans.PropertyVetoException,14503.0
java.beans.SimpleBeanInfo,25025.0
java.beans.Statement,20422.0
java.beans.Transient,10684.0
java.beans.VetoableChangeListener,10579.0
java.beans.VetoableChangeListenerProxy,16624.0
java.beans.VetoableChangeSupport,35378.0
java.beans.Visibility,11735.0
java.beans.XMLDecoder,28862.0
java.beans.XMLEncoder,32055.0
java.io,
java.io.BufferedInputStream,36522.0
java.io.BufferedOutputStream,21406.0
java.io.BufferedReader,33067.0
java.io.BufferedWriter,25153.0
java.io.ByteArrayInputStream,30936.0
java.io.ByteArrayOutputStream,30405.0
java.io.CharArrayReader,27891.0
java.io.CharArrayWriter,32185.0
java.io.CharConversionException,12674.0
java.io.Closeable,23898.0
java.io.Console,30472.0
java.io.DataInput,42385.0
java.io.DataInputStream,54804.0
java.io.DataOutput,32848.0
java.io.DataOutputStream,42686.0
java.io.EOFException,13225.0
java.io.Externalizable,14709.0
java.io.File,138467.0
java.io.FileDescriptor,17878.0
java.io.FileFilter,9790.0
java.io.FileInputStream,35424.0
java.io.FilenameFilter,10443.0
java.io.FileNotFoundException,13702.0
java.io.FileOutputStream,35748.0
java.io.FilePermission,25032.0
java.io.FileReader,15793.0
java.io.FileWriter,19404.0
java.io.FilterInputStream,32195.0
java.io.FilterOutputStream,24209.0
java.io.FilterReader,25277.0
java.io.FilterWriter,21989.0
java.io.Flushable,12514.0
java.io.InputStream,33613.0
java.io.InputStreamReader,26325.0
java.io.InterruptedIOException,15420.0
java.io.InvalidClassException,17528.0
java.io.InvalidObjectException,12753.0
java.io.IOError,11959.0
java.io.IOException,19769.0
java.io.LineNumberInputStream,29941.0
java.io.LineNumberReader,26057.0
java.io.NotActiveException,12906.0
java.io.NotSerializableException,13153.0
java.io.ObjectInput,18636.0
java.io.ObjectInputStream.GetField,29758.0
java.io.ObjectInputStream,91639.0
java.io.ObjectInputValidation,9657.0
java.io.ObjectOutput,17512.0
java.io.ObjectOutputStream,81449.0
java.io.ObjectOutputStream.PutField,26696.0
java.io.ObjectStreamClass,21526.0
java.io.ObjectStreamConstants,32177.0
java.io.ObjectStreamException,13674.0
java.io.ObjectStreamField,24136.0
java.io.OptionalDataException,13333.0
java.io.OutputStream,21458.0
java.io.OutputStreamWriter,28607.0
java.io.PipedInputStream,32908.0
java.io.PipedOutputStream,22575.0
java.io.PipedReader,26035.0
java.io.PipedWriter,22866.0
java.io.PrintStream,77426.0
java.io.PrintWriter,80333.0
java.io.PushbackInputStream,38326.0
java.io.PushbackReader,29875.0
java.io.RandomAccessFile,90871.0
java.io.Reader,29695.0
java.io.SequenceInputStream,23772.0
java.io.Serializable,25161.0
java.io.SerializablePermission,16413.0
java.io.StreamCorruptedException,13089.0
java.io.StreamTokenizer,45372.0
java.io.StringBufferInputStream,24427.0
java.io.StringReader,23963.0
java.io.StringWriter,29502.0
java.io.SyncFailedException,12371.0
java.io.UncheckedIOException,15981.0
java.io.UnsupportedEncodingException,12945.0
java.io.UTFDataFormatException,13756.0
java.io.WriteAbortedException,18848.0
java.io.Writer,32247.0
java.lang,
java.lang.AbstractMethodError,12955.0
java.lang.annotation,
java.lang.annotation.Annotation,27160.0
java.lang.annotation.AnnotationFormatError,15701.0
java.lang.annotation.AnnotationTypeMismatchException,16959.0
java.lang.annotation.Documented,7647.0
java.lang.annotation.ElementType,23834.0
java.lang.annotation.IncompleteAnnotationException,17420.0
java.lang.annotation.Inherited,8292.0
java.lang.annotation.Native,7450.0
java.lang.annotation.Repeatable,10011.0
java.lang.annotation.Retention,9816.0
java.lang.annotation.RetentionPolicy,17663.0
java.lang.annotation.Target,11036.0
java.lang.Appendable,16035.0
java.lang.ArithmeticException,13164.0
java.lang.ArrayIndexOutOfBoundsException,14310.0
java.lang.ArrayStoreException,13045.0
java.lang.AssertionError,21234.0
java.lang.AutoCloseable,29920.0
java.lang.Boolean,38876.0
java.lang.BootstrapMethodError,15318.0
java.lang.Byte,53558.0
java.lang.Character,267392.0
java.lang.Character.Subset,16320.0
java.lang.Character.UnicodeBlock,226802.0
java.lang.Character.UnicodeScript,76239.0
java.lang.CharSequence,18072.0
java.lang.Class,165407.0
java.lang.ClassCastException,12982.0
java.lang.ClassCircularityError,12878.0
java.lang.ClassFormatError,13084.0
java.lang.ClassLoader,94637.0
java.lang.ClassNotFoundException,19407.0
java.lang.ClassValue,20386.0
java.lang.Cloneable,9466.0
java.lang.CloneNotSupportedException,13472.0
java.lang.Comparable,31307.0
java.lang.Compiler,15731.0
java.lang.Deprecated,7860.0
java.lang.Double,80718.0
java.lang.Enum,28830.0
java.lang.EnumConstantNotPresentException,16334.0
java.lang.Error,20537.0
java.lang.Exception,28237.0
java.lang.ExceptionInInitializerError,19408.0
java.lang.Float,78795.0
java.lang.FunctionalInterface,8686.0
java.lang.IllegalAccessError,13183.0
java.lang.IllegalAccessException,15678.0
java.lang.IllegalArgumentException,18774.0
java.lang.IllegalMonitorStateException,13633.0
java.lang.IllegalStateException,19874.0
java.lang.IllegalThreadStateException,13562.0
java.lang.IncompatibleClassChangeError,13752.0
java.lang.IndexOutOfBoundsException,13443.0
java.lang.InheritableThreadLocal,14217.0
java.lang.InstantiationError,13191.0
java.lang.InstantiationException,13407.0
java.lang.instrument,
java.lang.instrument.ClassDefinition,13779.0
java.lang.instrument.ClassFileTransformer,18673.0
java.lang.instrument.IllegalClassFormatException,13884.0
java.lang.instrument.Instrumentation,59419.0
java.lang.instrument.UnmodifiableClassException,13280.0
java.lang.Integer,106646.0
java.lang.InternalError,16128.0
java.lang.InterruptedException,13550.0
java.lang.invoke,
java.lang.invoke.CallSite,19726.0
java.lang.invoke.ConstantCallSite,23016.0
java.lang.invoke.LambdaConversionException,16923.0
java.lang.invoke.LambdaMetafactory,44500.0
java.lang.invoke.MethodHandle,89456.0
java.lang.invoke.MethodHandleInfo,40189.0
java.lang.invoke.MethodHandleProxies,21683.0
java.lang.invoke.MethodHandles,95490.0
java.lang.invoke.MethodHandles.Lookup,104097.0
java.lang.invoke.MethodType,67345.0
java.lang.invoke.MutableCallSite,30349.0
java.lang.invoke.SerializedLambda,30110.0
java.lang.invoke.SwitchPoint,23173.0
java.lang.invoke.VolatileCallSite,20452.0
java.lang.invoke.WrongMethodTypeException,13456.0
java.lang.Iterable,21805.0
java.lang.LinkageError,14649.0
java.lang.Long,106101.0
java.lang.management,
java.lang.management.BufferPoolMXBean,14268.0
java.lang.management.ClassLoadingMXBean,15680.0
java.lang.management.CompilationMXBean,14449.0
java.lang.management.GarbageCollectorMXBean,14203.0
java.lang.management.LockInfo,19438.0
java.lang.management.ManagementFactory,71888.0
java.lang.management.ManagementPermission,16923.0
java.lang.management.MemoryManagerMXBean,13832.0
java.lang.management.MemoryMXBean,25901.0
java.lang.management.MemoryNotificationInfo,26074.0
java.lang.management.MemoryPoolMXBean,51613.0
java.lang.management.MemoryType,17899.0
java.lang.management.MemoryUsage,22588.0
java.lang.management.MonitorInfo,18806.0
java.lang.management.OperatingSystemMXBean,18247.0
java.lang.management.PlatformLoggingMXBean,19082.0
java.lang.management.PlatformManagedObject,12324.0
java.lang.management.RuntimeMXBean,36124.0
java.lang.management.ThreadInfo,44282.0
java.lang.management.ThreadMXBean,69096.0
java.lang.Math,129239.0
java.lang.NegativeArraySizeException,12992.0
java.lang.NoClassDefFoundError,13171.0
java.lang.NoSuchFieldError,13116.0
java.lang.NoSuchFieldException,12658.0
java.lang.NoSuchMethodError,13180.0
java.lang.NoSuchMethodException,12871.0
java.lang.NullPointerException,13638.0
java.lang.Number,19312.0
java.lang.NumberFormatException,13208.0
java.lang.Object,43427.0
java.lang.OutOfMemoryError,13047.0
java.lang.Override,7545.0
java.lang.Package,47629.0
java.lang.Process,27129.0
java.lang.ProcessBuilder,59912.0
java.lang.ProcessBuilder.Redirect,25411.0
java.lang.ProcessBuilder.Redirect.Type,18941.0
java.lang.Readable,11211.0
java.lang.ref,
java.lang.ref.PhantomReference,15242.0
java.lang.ref.Reference,13982.0
java.lang.ref.ReferenceQueue,16365.0
java.lang.ref.SoftReference,17002.0
java.lang.ref.WeakReference,13376.0
java.lang.reflect,
java.lang.reflect.AccessibleObject,37949.0
java.lang.reflect.AnnotatedArrayType,11652.0
java.lang.reflect.AnnotatedElement,37939.0
java.lang.reflect.AnnotatedParameterizedType,11792.0
java.lang.reflect.AnnotatedType,11550.0
java.lang.reflect.AnnotatedTypeVariable,11604.0
java.lang.reflect.AnnotatedWildcardType,12703.0
java.lang.reflect.Array,63168.0
java.lang.reflect.Constructor,60911.0
java.lang.reflect.Executable,51131.0
java.lang.reflect.Field,93956.0
java.lang.reflect.GenericArrayType,11198.0
java.lang.reflect.GenericDeclaration,12223.0
java.lang.reflect.GenericSignatureFormatError,13612.0
java.lang.reflect.InvocationHandler,14082.0
java.lang.reflect.InvocationTargetException,19132.0
java.lang.reflect.MalformedParameterizedTypeException,12480.0
java.lang.reflect.MalformedParametersException,14196.0
java.lang.reflect.Member,15803.0
java.lang.reflect.Method,66573.0
java.lang.reflect.Modifier,44036.0
java.lang.reflect.Parameter,40151.0
java.lang.reflect.ParameterizedType,14646.0
java.lang.reflect.Proxy,38777.0
java.lang.reflect.ReflectPermission,16752.0
java.lang.reflect.Type,10178.0
java.lang.reflect.TypeVariable,17392.0
java.lang.reflect.UndeclaredThrowableException,19765.0
java.lang.reflect.WildcardType,12955.0
java.lang.ReflectiveOperationException,17618.0
java.lang.Runnable,12018.0
java.lang.Runtime,73484.0
java.lang.RuntimeException,25725.0
java.lang.RuntimePermission,26639.0
java.lang.SafeVarargs,9537.0
java.lang.SecurityException,16310.0
java.lang.SecurityManager,121830.0
java.lang.Short,55174.0
java.lang.StackOverflowError,12761.0
java.lang.StackTraceElement,25424.0
java.lang.StrictMath,117565.0
java.lang.String,179522.0
java.lang.StringBuffer,110068.0
java.lang.StringBuilder,108328.0
java.lang.StringIndexOutOfBoundsException,14588.0
java.lang.SuppressWarnings,11021.0
java.lang.System,81954.0
java.lang.Thread,115753.0
java.lang.Thread.State,21327.0
java.lang.Thread.UncaughtExceptionHandler,11894.0
java.lang.ThreadDeath,12242.0
java.lang.ThreadGroup,55196.0
java.lang.ThreadLocal,20118.0
java.lang.Throwable,54600.0
java.lang.TypeNotPresentException,15577.0
java.lang.UnknownError,12634.0
java.lang.UnsatisfiedLinkError,12977.0
java.lang.UnsupportedClassVersionError,13326.0
java.lang.UnsupportedOperationException,17316.0
java.lang.VerifyError,12638.0
java.lang.VirtualMachineError,16532.0
java.lang.Void,9876.0
java.math,
java.math.BigDecimal,183050.0
java.math.BigInteger,95882.0
java.math.MathContext,28396.0
java.math.RoundingMode,32564.0
java.net,
java.net.Authenticator,37868.0
java.net.Authenticator.RequestorType,16232.0
java.net.BindException,12975.0
java.net.CacheRequest,12907.0
java.net.CacheResponse,13899.0
java.net.ConnectException,13076.0
java.net.ContentHandler,17119.0
java.net.ContentHandlerFactory,10493.0
java.net.CookieHandler,21447.0
java.net.CookieManager,26669.0
java.net.CookiePolicy,12970.0
java.net.CookieStore,17111.0
java.net.DatagramPacket,35179.0
java.net.DatagramSocket,76453.0
java.net.DatagramSocketImpl,40750.0
java.net.DatagramSocketImplFactory,9771.0
java.net.FileNameMap,9449.0
java.net.HttpCookie,52421.0
java.net.HttpRetryException,17447.0
java.net.HttpURLConnection,84343.0
java.net.IDN,21982.0
java.net.Inet4Address,30908.0
java.net.Inet6Address,43902.0
java.net.InetAddress,54111.0
java.net.InetSocketAddress,27614.0
java.net.InterfaceAddress,16966.0
java.net.JarURLConnection,33854.0
java.net.MalformedURLException,12901.0
java.net.MulticastSocket,51781.0
java.net.NetPermission,19189.0
java.net.NetworkInterface,41755.0
java.net.NoRouteToHostException,13304.0
java.net.PasswordAuthentication,13609.0
java.net.PortUnreachableException,13094.0
java.net.ProtocolException,12757.0
java.net.ProtocolFamily,9110.0
java.net.Proxy,20412.0
java.net.Proxy.Type,16069.0
java.net.ProxySelector,19926.0
java.net.ResponseCache,21381.0
java.net.SecureCacheResponse,19826.0
java.net.ServerSocket,62525.0
java.net.Socket,113679.0
java.net.SocketAddress,10430.0
java.net.SocketException,13093.0
java.net.SocketImpl,43835.0
java.net.SocketImplFactory,9635.0
java.net.SocketOption,10780.0
java.net.SocketOptions,34661.0
java.net.SocketPermission,25415.0
java.net.SocketTimeoutException,13688.0
java.net.StandardProtocolFamily,16408.0
java.net.StandardSocketOptions,34604.0
java.net.UnknownHostException,12835.0
java.net.UnknownServiceException,13020.0
java.net.URI,97503.0
java.net.URISyntaxException,19479.0
java.net.URL,67814.0
java.net.URLClassLoader,44667.0
java.net.URLConnection,108444.0
java.net.URLDecoder,17441.0
java.net.URLEncoder,15644.0
java.net.URLPermission,27414.0
java.net.URLStreamHandler,35095.0
java.net.URLStreamHandlerFactory,10078.0
java.nio,
java.nio.Buffer,33839.0
java.nio.BufferOverflowException,11918.0
java.nio.BufferUnderflowException,11944.0
java.nio.ByteBuffer,108285.0
java.nio.ByteOrder,14373.0
java.nio.channels,
java.nio.channels.AcceptPendingException,12167.0
java.nio.channels.AlreadyBoundException,12404.0
java.nio.channels.AlreadyConnectedException,12578.0
java.nio.channels.AsynchronousByteChannel,25719.0
java.nio.channels.AsynchronousChannel,16693.0
java.nio.channels.AsynchronousChannelGroup,36893.0
java.nio.channels.AsynchronousCloseException,12753.0
java.nio.channels.AsynchronousFileChannel,73973.0
java.nio.channels.AsynchronousServerSocketChannel,42157.0
java.nio.channels.AsynchronousSocketChannel,88209.0
java.nio.channels.ByteChannel,10185.0
java.nio.channels.CancelledKeyException,12341.0
java.nio.channels.Channel,15082.0
java.nio.channels.Channels,30279.0
java.nio.channels.ClosedByInterruptException,12866.0
java.nio.channels.ClosedChannelException,12641.0
java.nio.channels.ClosedSelectorException,12418.0
java.nio.channels.CompletionHandler,12091.0
java.nio.channels.ConnectionPendingException,12618.0
java.nio.channels.DatagramChannel,78068.0
java.nio.channels.FileChannel,107505.0
java.nio.channels.FileChannel.MapMode,14307.0
java.nio.channels.FileLock,30356.0
java.nio.channels.FileLockInterruptionException,12429.0
java.nio.channels.GatheringByteChannel,18323.0
java.nio.channels.IllegalBlockingModeException,12559.0
java.nio.channels.IllegalChannelGroupException,12569.0
java.nio.channels.IllegalSelectorException,12529.0
java.nio.channels.InterruptedByTimeoutException,12342.0
java.nio.channels.InterruptibleChannel,14137.0
java.nio.channels.MembershipKey,24253.0
java.nio.channels.MulticastChannel,26514.0
java.nio.channels.NetworkChannel,22472.0
java.nio.channels.NoConnectionPendingException,12865.0
java.nio.channels.NonReadableChannelException,12538.0
java.nio.channels.NonWritableChannelException,12521.0
java.nio.channels.NotYetBoundException,12402.0
java.nio.channels.NotYetConnectedException,12473.0
java.nio.channels.OverlappingFileLockException,12641.0
java.nio.channels.Pipe,16707.0
java.nio.channels.Pipe.SinkChannel,18921.0
java.nio.channels.Pipe.SourceChannel,18996.0
java.nio.channels.ReadableByteChannel,14643.0
java.nio.channels.ReadPendingException,12400.0
java.nio.channels.ScatteringByteChannel,18112.0
java.nio.channels.SeekableByteChannel,25044.0
java.nio.channels.SelectableChannel,35467.0
java.nio.channels.SelectionKey,37475.0
java.nio.channels.Selector,37285.0
java.nio.channels.ServerSocketChannel,39758.0
java.nio.channels.ShutdownChannelGroupException,12626.0
java.nio.channels.SocketChannel,81640.0
java.nio.channels.spi,
java.nio.channels.spi.AbstractInterruptibleChannel,23103.0
java.nio.channels.spi.AbstractSelectableChannel,37150.0
java.nio.channels.spi.AbstractSelectionKey,16233.0
java.nio.channels.spi.AbstractSelector,27718.0
java.nio.channels.spi.AsynchronousChannelProvider,25180.0
java.nio.channels.spi.SelectorProvider,27447.0
java.nio.channels.UnresolvedAddressException,12506.0
java.nio.channels.UnsupportedAddressTypeException,12623.0
java.nio.channels.WritableByteChannel,14369.0
java.nio.channels.WritePendingException,12138.0
java.nio.CharBuffer,83529.0
java.nio.charset,
java.nio.charset.CharacterCodingException,12207.0
java.nio.charset.Charset,52537.0
java.nio.charset.CharsetDecoder,60208.0
java.nio.charset.CharsetEncoder,62175.0
java.nio.charset.CoderMalfunctionError,12824.0
java.nio.charset.CoderResult,26010.0
java.nio.charset.CodingErrorAction,15312.0
java.nio.charset.IllegalCharsetNameException,14783.0
java.nio.charset.MalformedInputException,15495.0
java.nio.charset.spi,
java.nio.charset.spi.CharsetProvider,15835.0
java.nio.charset.StandardCharsets,14398.0
java.nio.charset.UnmappableCharacterException,15595.0
java.nio.charset.UnsupportedCharsetException,14534.0
java.nio.DoubleBuffer,56816.0
java.nio.file,
java.nio.file.AccessDeniedException,15042.0
java.nio.file.AccessMode,16224.0
java.nio.file.AtomicMoveNotSupportedException,14252.0
java.nio.file.attribute,
java.nio.file.attribute.AclEntry.Builder,21369.0
java.nio.file.attribute.AclEntry,23581.0
java.nio.file.attribute.AclEntryFlag,19374.0
java.nio.file.attribute.AclEntryPermission,29044.0
java.nio.file.attribute.AclEntryType,17843.0
java.nio.file.attribute.AclFileAttributeView,24575.0
java.nio.file.attribute.AttributeView,10848.0
java.nio.file.attribute.BasicFileAttributes,20011.0
java.nio.file.attribute.BasicFileAttributeView,20537.0
java.nio.file.attribute.DosFileAttributes,13692.0
java.nio.file.attribute.DosFileAttributeView,23749.0
java.nio.file.attribute.FileAttribute,10940.0
java.nio.file.attribute.FileAttributeView,9444.0
java.nio.file.attribute.FileOwnerAttributeView,16167.0
java.nio.file.attribute.FileStoreAttributeView,8201.0
java.nio.file.attribute.FileTime,26913.0
java.nio.file.attribute.GroupPrincipal,9047.0
java.nio.file.attribute.PosixFileAttributes,14902.0
java.nio.file.attribute.PosixFileAttributeView,27215.0
java.nio.file.attribute.PosixFilePermission,21267.0
java.nio.file.attribute.PosixFilePermissions,18458.0
java.nio.file.attribute.UserDefinedFileAttributeView,26393.0
java.nio.file.attribute.UserPrincipal,10094.0
java.nio.file.attribute.UserPrincipalLookupService,18400.0
java.nio.file.attribute.UserPrincipalNotFoundException,14901.0
java.nio.file.ClosedDirectoryStreamException,12534.0
java.nio.file.ClosedFileSystemException,12374.0
java.nio.file.ClosedWatchServiceException,12372.0
java.nio.file.CopyOption,7844.0
java.nio.file.DirectoryIteratorException,15543.0
java.nio.file.DirectoryNotEmptyException,13404.0
java.nio.file.DirectoryStream.Filter,10981.0
java.nio.file.DirectoryStream,17671.0
java.nio.file.FileAlreadyExistsException,15072.0
java.nio.file.Files,275627.0
java.nio.file.FileStore,27354.0
java.nio.file.FileSystem,46340.0
java.nio.file.FileSystemAlreadyExistsException,13167.0
java.nio.file.FileSystemException,20261.0
java.nio.file.FileSystemLoopException,13650.0
java.nio.file.FileSystemNotFoundException,13013.0
java.nio.file.FileSystems,32471.0
java.nio.file.FileVisitOption,15715.0
java.nio.file.FileVisitor,20231.0
java.nio.file.FileVisitResult,18569.0
java.nio.file.InvalidPathException,20229.0
java.nio.file.LinkOption,16441.0
java.nio.file.LinkPermission,15342.0
java.nio.file.NoSuchFileException,14841.0
java.nio.file.NotDirectoryException,13312.0
java.nio.file.NotLinkException,14760.0
java.nio.file.OpenOption,7966.0
java.nio.file.Path,78740.0
java.nio.file.PathMatcher,9981.0
java.nio.file.Paths,17512.0
java.nio.file.ProviderMismatchException,13267.0
java.nio.file.ProviderNotFoundException,13015.0
java.nio.file.ReadOnlyFileSystemException,12520.0
java.nio.file.SecureDirectoryStream,38668.0
java.nio.file.SimpleFileVisitor,22795.0
java.nio.file.spi,
java.nio.file.spi.FileSystemProvider,110600.0
java.nio.file.spi.FileTypeDetector,15181.0
java.nio.file.StandardCopyOption,16948.0
java.nio.file.StandardOpenOption,24386.0
java.nio.file.StandardWatchEventKinds,14988.0
java.nio.file.Watchable,17065.0
java.nio.file.WatchEvent,13999.0
java.nio.file.WatchEvent.Kind,10722.0
java.nio.file.WatchEvent.Modifier,10056.0
java.nio.file.WatchKey,16823.0
java.nio.file.WatchService,20386.0
java.nio.FloatBuffer,56529.0
java.nio.IntBuffer,55399.0
java.nio.InvalidMarkException,12013.0
java.nio.LongBuffer,55668.0
java.nio.MappedByteBuffer,20529.0
java.nio.ReadOnlyBufferException,12157.0
java.nio.ShortBuffer,55731.0
java.rmi,
java.rmi.AccessException,14985.0
java.rmi.activation,
java.rmi.activation.Activatable,60161.0
java.rmi.activation.ActivateFailedException,15215.0
java.rmi.activation.ActivationDesc,33922.0
java.rmi.activation.ActivationException,20685.0
java.rmi.activation.ActivationGroup,43890.0
java.rmi.activation.ActivationGroup_Stub,18160.0
java.rmi.activation.ActivationGroupDesc.CommandEnvironment,17894.0
java.rmi.activation.ActivationGroupDesc,26075.0
java.rmi.activation.ActivationGroupID,16915.0
java.rmi.activation.ActivationID,18754.0
java.rmi.activation.ActivationInstantiator,13064.0
java.rmi.activation.ActivationMonitor,16556.0
java.rmi.activation.ActivationSystem,39085.0
java.rmi.activation.Activator,14897.0
java.rmi.activation.UnknownGroupException,14992.0
java.rmi.activation.UnknownObjectException,14904.0
java.rmi.AlreadyBoundException,13192.0
java.rmi.ConnectException,14660.0
java.rmi.ConnectIOException,14750.0
java.rmi.dgc,
java.rmi.dgc.DGC,14872.0
java.rmi.dgc.Lease,13019.0
java.rmi.dgc.VMID,16204.0
java.rmi.MarshalException,15164.0
java.rmi.MarshalledObject,18475.0
java.rmi.Naming,22603.0
java.rmi.NoSuchObjectException,14385.0
java.rmi.NotBoundException,13215.0
java.rmi.registry,
java.rmi.registry.LocateRegistry,25880.0
java.rmi.registry.Registry,24250.0
java.rmi.registry.RegistryHandler,13156.0
java.rmi.Remote,10543.0
java.rmi.RemoteException,22621.0
java.rmi.RMISecurityException,14910.0
java.rmi.RMISecurityManager,16600.0
java.rmi.server,
java.rmi.server.ExportException,15299.0
java.rmi.server.LoaderHandler,17383.0
java.rmi.server.LogStream,32029.0
java.rmi.server.ObjID,25291.0
java.rmi.server.Operation,14778.0
java.rmi.server.RemoteCall,19829.0
java.rmi.server.RemoteObject,21966.0
java.rmi.server.RemoteObjectInvocationHandler,20124.0
java.rmi.server.RemoteRef,29771.0
java.rmi.server.RemoteServer,18859.0
java.rmi.server.RemoteStub,18242.0
java.rmi.server.RMIClassLoader,50578.0
java.rmi.server.RMIClassLoaderSpi,26094.0
java.rmi.server.RMIClientSocketFactory,12262.0
java.rmi.server.RMIFailureHandler,10621.0
java.rmi.server.RMIServerSocketFactory,11923.0
java.rmi.server.RMISocketFactory,27247.0
java.rmi.server.ServerCloneException,20024.0
java.rmi.server.ServerNotActiveException,13463.0
java.rmi.server.ServerRef,16910.0
java.rmi.server.Skeleton,12725.0
java.rmi.server.SkeletonMismatchException,14709.0
java.rmi.server.SkeletonNotFoundException,16046.0
java.rmi.server.SocketSecurityException,16109.0
java.rmi.server.UID,22390.0
java.rmi.server.UnicastRemoteObject,37220.0
java.rmi.server.Unreferenced,9276.0
java.rmi.ServerError,13821.0
java.rmi.ServerException,14882.0
java.rmi.ServerRuntimeException,14855.0
java.rmi.StubNotFoundException,15259.0
java.rmi.UnexpectedException,14917.0
java.rmi.UnknownHostException,14850.0
java.rmi.UnmarshalException,15260.0
java.security,
java.security.AccessControlContext,22328.0
java.security.AccessControlException,16384.0
java.security.AccessController,60922.0
java.security.acl,
java.security.acl.Acl,26345.0
java.security.acl.AclEntry,20875.0
java.security.acl.AclNotFoundException,11879.0
java.security.acl.Group,14216.0
java.security.acl.LastOwnerException,12045.0
java.security.acl.NotOwnerException,11939.0
java.security.acl.Owner,14307.0
java.security.acl.Permission,10734.0
java.security.AlgorithmConstraints,16355.0
java.security.AlgorithmParameterGenerator,34119.0
java.security.AlgorithmParameterGeneratorSpi,16482.0
java.security.AlgorithmParameters,36394.0
java.security.AlgorithmParametersSpi,22459.0
java.security.AllPermission,20536.0
java.security.AuthProvider,26478.0
java.security.BasicPermission,25715.0
java.security.cert,
java.security.cert.Certificate.CertificateRep,13648.0
java.security.cert.Certificate,31693.0
java.security.cert.CertificateEncodingException,17212.0
java.security.cert.CertificateException,17467.0
java.security.cert.CertificateExpiredException,13800.0
java.security.cert.CertificateFactory,49347.0
java.security.cert.CertificateFactorySpi,36181.0
java.security.cert.CertificateNotYetValidException,13934.0
java.security.cert.CertificateParsingException,17233.0
java.security.cert.CertificateRevokedException,24412.0
java.security.cert.CertPath.CertPathRep,13605.0
java.security.cert.CertPath,30424.0
java.security.cert.CertPathBuilder,33004.0
java.security.cert.CertPathBuilderException,17330.0
java.security.cert.CertPathBuilderResult,11816.0
java.security.cert.CertPathBuilderSpi,16844.0
java.security.cert.CertPathChecker,13347.0
java.security.cert.CertPathParameters,10527.0
java.security.cert.CertPathValidator,34109.0
java.security.cert.CertPathValidatorException.BasicReason,21107.0
java.security.cert.CertPathValidatorException,30367.0
java.security.cert.CertPathValidatorException.Reason,7872.0
java.security.cert.CertPathValidatorResult,10614.0
java.security.cert.CertPathValidatorSpi,17719.0
java.security.cert.CertSelector,11825.0
java.security.cert.CertStore,39199.0
java.security.cert.CertStoreException,16952.0
java.security.cert.CertStoreParameters,12259.0
java.security.cert.CertStoreSpi,19386.0
java.security.cert.CollectionCertStoreParameters,19138.0
java.security.cert.CRL,15345.0
java.security.cert.CRLException,16105.0
java.security.cert.CRLReason,23079.0
java.security.cert.CRLSelector,11656.0
java.security.cert.Extension,13157.0
java.security.cert.LDAPCertStoreParameters,19501.0
java.security.cert.PKIXBuilderParameters,27588.0
java.security.cert.PKIXCertPathBuilderResult,19598.0
java.security.cert.PKIXCertPathChecker,27120.0
java.security.cert.PKIXCertPathValidatorResult,21595.0
java.security.cert.PKIXParameters,61496.0
java.security.cert.PKIXReason,20266.0
java.security.cert.PKIXRevocationChecker,34367.0
java.security.cert.PKIXRevocationChecker.Option,19163.0
java.security.cert.PolicyNode,17726.0
java.security.cert.PolicyQualifierInfo,18344.0
java.security.cert.TrustAnchor,28649.0
java.security.cert.X509Certificate,60942.0
java.security.cert.X509CertSelector,116088.0
java.security.cert.X509CRL,46791.0
java.security.cert.X509CRLEntry,23605.0
java.security.cert.X509CRLSelector,44752.0
java.security.cert.X509Extension,17516.0
java.security.Certificate,20729.0
java.security.CodeSigner,18052.0
java.security.CodeSource,24955.0
java.security.CryptoPrimitive,20468.0
java.security.DigestException,15996.0
java.security.DigestInputStream,25069.0
java.security.DigestOutputStream,24622.0
java.security.DomainCombiner,14143.0
java.security.DomainLoadStoreParameter,20444.0
java.security.GeneralSecurityException,18835.0
java.security.Guard,13297.0
java.security.GuardedObject,13835.0
java.security.Identity,41529.0
java.security.IdentityScope,33587.0
java.security.interfaces,
java.security.interfaces.DSAKey,9897.0
java.security.interfaces.DSAKeyPairGenerator,14739.0
java.security.interfaces.DSAParams,11400.0
java.security.interfaces.DSAPrivateKey,13762.0
java.security.interfaces.DSAPublicKey,13110.0
java.security.interfaces.ECKey,9658.0
java.security.interfaces.ECPrivateKey,13349.0
java.security.interfaces.ECPublicKey,12850.0
java.security.interfaces.RSAKey,10084.0
java.security.interfaces.RSAMultiPrimePrivateCrtKey,19933.0
java.security.interfaces.RSAPrivateCrtKey,18198.0
java.security.interfaces.RSAPrivateKey,13724.0
java.security.interfaces.RSAPublicKey,12225.0
java.security.InvalidAlgorithmParameterException,17275.0
java.security.InvalidKeyException,16427.0
java.security.InvalidParameterException,13308.0
java.security.Key,18811.0
java.security.KeyException,16437.0
java.security.KeyFactory,33564.0
java.security.KeyFactorySpi,21007.0
java.security.KeyManagementException,16934.0
java.security.KeyPair,14105.0
java.security.KeyPairGenerator,39691.0
java.security.KeyPairGeneratorSpi,17124.0
java.security.KeyRep,16232.0
java.security.KeyRep.Type,16122.0
java.security.KeyStore.Builder,26786.0
java.security.KeyStore.CallbackHandlerProtection,13332.0
java.security.KeyStore.Entry.Attribute,10392.0
java.security.KeyStore.Entry,11185.0
java.security.KeyStore,82245.0
java.security.KeyStore.LoadStoreParameter,10072.0
java.security.KeyStore.PasswordProtection,20906.0
java.security.KeyStore.PrivateKeyEntry,23244.0
java.security.KeyStore.ProtectionParameter,7687.0
java.security.KeyStore.SecretKeyEntry,18267.0
java.security.KeyStore.TrustedCertificateEntry,18834.0
java.security.KeyStoreException,16175.0
java.security.KeyStoreSpi,54308.0
java.security.MessageDigest,39580.0
java.security.MessageDigestSpi,21589.0
java.security.NoSuchAlgorithmException,16582.0
java.security.NoSuchProviderException,13113.0
java.security.Permission,26670.0
java.security.PermissionCollection,22116.0
java.security.Permissions,19673.0
java.security.PKCS12Attribute,22228.0
java.security.Policy,42127.0
java.security.Policy.Parameters,7017.0
java.security.PolicySpi,17962.0
java.security.Principal,15929.0
java.security.PrivateKey,12962.0
java.security.PrivilegedAction,10607.0
java.security.PrivilegedActionException,19855.0
java.security.PrivilegedExceptionAction,11535.0
java.security.ProtectionDomain,23560.0
java.security.Provider,99634.0
java.security.Provider.Service,25562.0
java.security.ProviderException,16186.0
java.security.PublicKey,11047.0
java.security.SecureClassLoader,25805.0
java.security.SecureRandom,41847.0
java.security.SecureRandomSpi,14382.0
java.security.Security,39414.0
java.security.SecurityPermission,26326.0
java.security.Signature,63628.0
java.security.SignatureException,16110.0
java.security.SignatureSpi,40646.0
java.security.SignedObject,22425.0
java.security.Signer,22580.0
java.security.spec,
java.security.spec.AlgorithmParameterSpec,10440.0
java.security.spec.DSAGenParameterSpec,16902.0
java.security.spec.DSAParameterSpec,16179.0
java.security.spec.DSAPrivateKeySpec,16539.0
java.security.spec.DSAPublicKeySpec,16495.0
java.security.spec.ECField,9707.0
java.security.spec.ECFieldF2m,23250.0
java.security.spec.ECFieldFp,16803.0
java.security.spec.ECGenParameterSpec,13579.0
java.security.spec.ECParameterSpec,16722.0
java.security.spec.ECPoint,18135.0
java.security.spec.ECPrivateKeySpec,14394.0
java.security.spec.ECPublicKeySpec,14760.0
java.security.spec.EllipticCurve,22267.0
java.security.spec.EncodedKeySpec,15014.0
java.security.spec.InvalidKeySpecException,16881.0
java.security.spec.InvalidParameterSpecException,13959.0
java.security.spec.KeySpec,10726.0
java.security.spec.MGF1ParameterSpec,18897.0
java.security.spec.PKCS8EncodedKeySpec,15520.0
java.security.spec.PSSParameterSpec,22735.0
java.security.spec.RSAKeyGenParameterSpec,16155.0
java.security.spec.RSAMultiPrimePrivateCrtKeySpec,24283.0
java.security.spec.RSAOtherPrimeInfo,15735.0
java.security.spec.RSAPrivateCrtKeySpec,21105.0
java.security.spec.RSAPrivateKeySpec,14711.0
java.security.spec.RSAPublicKeySpec,14345.0
java.security.spec.X509EncodedKeySpec,15012.0
java.security.Timestamp,18011.0
java.security.UnrecoverableEntryException,13441.0
java.security.UnrecoverableKeyException,13425.0
java.security.UnresolvedPermission,30556.0
java.security.URIParameter,12487.0
java.sql,
java.sql.Array,37843.0
java.sql.BatchUpdateException,49408.0
java.sql.Blob,33430.0
java.sql.CallableStatement,318307.0
java.sql.ClientInfoStatus,17571.0
java.sql.Clob,38258.0
java.sql.Connection,144904.0
java.sql.DatabaseMetaData,392654.0
java.sql.DataTruncation,23183.0
java.sql.Date,33522.0
java.sql.Driver,21108.0
java.sql.DriverAction,10935.0
java.sql.DriverManager,40073.0
java.sql.DriverPropertyInfo,15690.0
java.sql.JDBCType,41724.0
java.sql.NClob,9602.0
java.sql.ParameterMetaData,29457.0
java.sql.PreparedStatement,144657.0
java.sql.PseudoColumnUsage,17441.0
java.sql.Ref,17809.0
java.sql.ResultSet,441979.0
java.sql.ResultSetMetaData,41005.0
java.sql.RowId,16040.0
java.sql.RowIdLifetime,18045.0
java.sql.Savepoint,10930.0
java.sql.SQLClientInfoException,40141.0
java.sql.SQLData,17069.0
java.sql.SQLDataException,26067.0
java.sql.SQLException,33059.0
java.sql.SQLFeatureNotSupportedException,27576.0
java.sql.SQLInput,55223.0
java.sql.SQLIntegrityConstraintViolationException,28298.0
java.sql.SQLInvalidAuthorizationSpecException,28086.0
java.sql.SQLNonTransientConnectionException,27824.0
java.sql.SQLNonTransientException,27263.0
java.sql.SQLOutput,54405.0
java.sql.SQLPermission,18067.0
java.sql.SQLRecoverableException,26576.0
java.sql.SQLSyntaxErrorException,26686.0
java.sql.SQLTimeoutException,26338.0
java.sql.SQLTransactionRollbackException,27585.0
java.sql.SQLTransientConnectionException,27574.0
java.sql.SQLTransientException,26626.0
java.sql.SQLType,10980.0
java.sql.SQLWarning,28686.0
java.sql.SQLXML,36466.0
java.sql.Statement,133800.0
java.sql.Struct,14957.0
java.sql.Time,33881.0
java.sql.Timestamp,42875.0
java.sql.Types,45686.0
java.sql.Wrapper,14859.0
java.text,
java.text.Annotation,14101.0
java.text.AttributedCharacterIterator.Attribute,23826.0
java.text.AttributedCharacterIterator,25626.0
java.text.AttributedString,32461.0
java.text.Bidi,37245.0
java.text.BreakIterator,48111.0
java.text.CharacterIterator,21524.0
java.text.ChoiceFormat,42657.0
java.text.CollationElementIterator,26149.0
java.text.CollationKey,18160.0
java.text.Collator,49481.0
java.text.DateFormat.Field,33246.0
java.text.DateFormat,85406.0
java.text.DateFormatSymbols,45336.0
java.text.DecimalFormat,103005.0
java.text.DecimalFormatSymbols,53935.0
java.text.FieldPosition,24012.0
java.text.Format.Field,12887.0
java.text.Format,28855.0
java.text.MessageFormat.Field,16806.0
java.text.MessageFormat,72517.0
java.text.Normalizer.Form,17026.0
java.text.Normalizer,17842.0
java.text.NumberFormat.Field,24213.0
java.text.NumberFormat,81835.0
java.text.ParseException,14200.0
java.text.ParsePosition,18403.0
java.text.RuleBasedCollator,38975.0
java.text.SimpleDateFormat,63687.0
java.text.spi,
java.text.spi.BreakIteratorProvider,20613.0
java.text.spi.CollatorProvider,13984.0
java.text.spi.DateFormatProvider,20837.0
java.text.spi.DateFormatSymbolsProvider,14246.0
java.text.spi.DecimalFormatSymbolsProvider,15117.0
java.text.spi.NumberFormatProvider,20718.0
java.text.StringCharacterIterator,31015.0
java.time,
java.time.chrono,
java.time.chrono.AbstractChronology,31452.0
java.time.chrono.ChronoLocalDate,83924.0
java.time.chrono.ChronoLocalDateTime,71840.0
java.time.chrono.Chronology,75327.0
java.time.chrono.ChronoPeriod,37968.0
java.time.chrono.ChronoZonedDateTime,82829.0
java.time.chrono.Era,30895.0
java.time.chrono.HijrahChronology,69174.0
java.time.chrono.HijrahDate,72888.0
java.time.chrono.HijrahEra,22979.0
java.time.chrono.IsoChronology,63194.0
java.time.chrono.IsoEra,21056.0
java.time.chrono.JapaneseChronology,65942.0
java.time.chrono.JapaneseDate,76218.0
java.time.chrono.JapaneseEra,27288.0
java.time.chrono.MinguoChronology,65115.0
java.time.chrono.MinguoDate,68107.0
java.time.chrono.MinguoEra,21529.0
java.time.chrono.ThaiBuddhistChronology,65934.0
java.time.chrono.ThaiBuddhistDate,68901.0
java.time.chrono.ThaiBuddhistEra,21490.0
java.time.Clock,39772.0
java.time.DateTimeException,14100.0
java.time.DayOfWeek,47080.0
java.time.Duration,94122.0
java.time.format,
java.time.format.DateTimeFormatter,137094.0
java.time.format.DateTimeFormatterBuilder,126517.0
java.time.format.DateTimeParseException,18151.0
java.time.format.DecimalStyle,28257.0
java.time.format.FormatStyle,17723.0
java.time.format.ResolverStyle,18135.0
java.time.format.SignStyle,18947.0
java.time.format.TextStyle,22003.0
java.time.Instant,105917.0
java.time.LocalDate,156955.0
java.time.LocalDateTime,176467.0
java.time.LocalTime,118963.0
java.time.Month,54360.0
java.time.MonthDay,63905.0
java.time.OffsetDateTime,168193.0
java.time.OffsetTime,119454.0
java.time.Period,76819.0
java.time.temporal,
java.time.temporal.ChronoField,84477.0
java.time.temporal.ChronoUnit,44919.0
java.time.temporal.IsoFields,23322.0
java.time.temporal.JulianFields,18719.0
java.time.temporal.Temporal,43023.0
java.time.temporal.TemporalAccessor,29014.0
java.time.temporal.TemporalAdjuster,16553.0
java.time.temporal.TemporalAdjusters,38119.0
java.time.temporal.TemporalAmount,21192.0
java.time.temporal.TemporalField,37501.0
java.time.temporal.TemporalQueries,28919.0
java.time.temporal.TemporalQuery,13939.0
java.time.temporal.TemporalUnit,25749.0
java.time.temporal.UnsupportedTemporalTypeException,14586.0
java.time.temporal.ValueRange,31362.0
java.time.temporal.WeekFields,45111.0
java.time.Year,93145.0
java.time.YearMonth,99390.0
java.time.zone,
java.time.zone.ZoneOffsetTransition,30741.0
java.time.zone.ZoneOffsetTransitionRule,31785.0
java.time.zone.ZoneOffsetTransitionRule.TimeDefinition,20639.0
java.time.zone.ZoneRules,46544.0
java.time.zone.ZoneRulesException,14111.0
java.time.zone.ZoneRulesProvider,32913.0
java.time.ZonedDateTime,187343.0
java.time.ZoneId,42488.0
java.time.ZoneOffset,54348.0
java.util,
java.util.AbstractCollection,52188.0
java.util.AbstractList,66894.0
java.util.AbstractMap,59953.0
java.util.AbstractMap.SimpleEntry,25438.0
java.util.AbstractMap.SimpleImmutableEntry,26474.0
java.util.AbstractQueue,30390.0
java.util.AbstractSequentialList,41451.0
java.util.AbstractSet,26464.0
java.util.ArrayDeque,83517.0
java.util.ArrayList,94620.0
java.util.Arrays,339951.0
java.util.Base64.Decoder,19745.0
java.util.Base64.Encoder,19708.0
java.util.Base64,21641.0
java.util.BitSet,59656.0
java.util.Calendar.Builder,45355.0
java.util.Calendar,179084.0
java.util.Collection,63056.0
java.util.Collections,178171.0
java.util.Comparator,59227.0
java.util.concurrent,
java.util.concurrent.AbstractExecutorService,41895.0
java.util.concurrent.ArrayBlockingQueue,71548.0
java.util.concurrent.atomic,
java.util.concurrent.atomic.AtomicBoolean,19384.0
java.util.concurrent.atomic.AtomicInteger,36886.0
java.util.concurrent.atomic.AtomicIntegerArray,34818.0
java.util.concurrent.atomic.AtomicIntegerFieldUpdater,42839.0
java.util.concurrent.atomic.AtomicLong,36826.0
java.util.concurrent.atomic.AtomicLongArray,34754.0
java.util.concurrent.atomic.AtomicLongFieldUpdater,42658.0
java.util.concurrent.atomic.AtomicMarkableReference,23635.0
java.util.concurrent.atomic.AtomicReference,31478.0
java.util.concurrent.atomic.AtomicReferenceArray,35043.0
java.util.concurrent.atomic.AtomicReferenceFieldUpdater,40864.0
java.util.concurrent.atomic.AtomicStampedReference,23484.0
java.util.concurrent.atomic.DoubleAccumulator,25228.0
java.util.concurrent.atomic.DoubleAdder,23674.0
java.util.concurrent.atomic.LongAccumulator,25356.0
java.util.concurrent.atomic.LongAdder,24771.0
java.util.concurrent.BlockingDeque,95136.0
java.util.concurrent.BlockingQueue,44846.0
java.util.concurrent.BrokenBarrierException,13294.0
java.util.concurrent.Callable,11102.0
java.util.concurrent.CancellationException,13566.0
java.util.concurrent.CompletableFuture.AsynchronousCompletionTask,7644.0
java.util.concurrent.CompletableFuture,186898.0
java.util.concurrent.CompletionException,16557.0
java.util.concurrent.CompletionService,20087.0
java.util.concurrent.CompletionStage,115514.0
java.util.concurrent.ConcurrentHashMap,207497.0
java.util.concurrent.ConcurrentHashMap.KeySetView,58242.0
java.util.concurrent.ConcurrentLinkedDeque,91451.0
java.util.concurrent.ConcurrentLinkedQueue,50617.0
java.util.concurrent.ConcurrentMap,61075.0
java.util.concurrent.ConcurrentNavigableMap,55603.0
java.util.concurrent.ConcurrentSkipListMap,187419.0
java.util.concurrent.ConcurrentSkipListSet,103952.0
java.util.concurrent.CopyOnWriteArrayList,98649.0
java.util.concurrent.CopyOnWriteArraySet,64887.0
java.util.concurrent.CountDownLatch,24747.0
java.util.concurrent.CountedCompleter,65441.0
java.util.concurrent.CyclicBarrier,30973.0
java.util.concurrent.Delayed,10850.0
java.util.concurrent.DelayQueue,61308.0
java.util.concurrent.Exchanger,20688.0
java.util.concurrent.ExecutionException,16505.0
java.util.concurrent.Executor,13814.0
java.util.concurrent.ExecutorCompletionService,30763.0
java.util.concurrent.Executors,59284.0
java.util.concurrent.ExecutorService,43148.0
java.util.concurrent.ForkJoinPool.ForkJoinWorkerThreadFactory,10730.0
java.util.concurrent.ForkJoinPool,87843.0
java.util.concurrent.ForkJoinPool.ManagedBlocker,12962.0
java.util.concurrent.ForkJoinTask,82817.0
java.util.concurrent.ForkJoinWorkerThread,23995.0
java.util.concurrent.Future,20372.0
java.util.concurrent.FutureTask,33548.0
java.util.concurrent.LinkedBlockingDeque,147048.0
java.util.concurrent.LinkedBlockingQueue,66916.0
java.util.concurrent.LinkedTransferQueue,72791.0
java.util.concurrent.locks,
java.util.concurrent.locks.AbstractOwnableSynchronizer,14835.0
java.util.concurrent.locks.AbstractQueuedLongSynchronizer.ConditionObject,34389.0
java.util.concurrent.locks.AbstractQueuedLongSynchronizer,69366.0
java.util.concurrent.locks.AbstractQueuedSynchronizer.ConditionObject,33954.0
java.util.concurrent.locks.AbstractQueuedSynchronizer,81713.0
java.util.concurrent.locks.Condition,36232.0
java.util.concurrent.locks.Lock,28286.0
java.util.concurrent.locks.LockSupport,28401.0
java.util.concurrent.locks.ReadWriteLock,15356.0
java.util.concurrent.locks.ReentrantLock,52223.0
java.util.concurrent.locks.ReentrantReadWriteLock,49572.0
java.util.concurrent.locks.ReentrantReadWriteLock.ReadLock,27538.0
java.util.concurrent.locks.ReentrantReadWriteLock.WriteLock,34031.0
java.util.concurrent.locks.StampedLock,50130.0
java.util.concurrent.Phaser,51658.0
java.util.concurrent.PriorityBlockingQueue,75435.0
java.util.concurrent.RecursiveAction,24199.0
java.util.concurrent.RecursiveTask,22409.0
java.util.concurrent.RejectedExecutionException,16669.0
java.util.concurrent.RejectedExecutionHandler,12057.0
java.util.concurrent.RunnableFuture,11922.0
java.util.concurrent.RunnableScheduledFuture,13227.0
java.util.concurrent.ScheduledExecutorService,26091.0
java.util.concurrent.ScheduledFuture,9993.0
java.util.concurrent.ScheduledThreadPoolExecutor,80790.0
java.util.concurrent.Semaphore,50058.0
java.util.concurrent.SynchronousQueue,64996.0
java.util.concurrent.ThreadFactory,10421.0
java.util.concurrent.ThreadLocalRandom,57972.0
java.util.concurrent.ThreadPoolExecutor.AbortPolicy,13841.0
java.util.concurrent.ThreadPoolExecutor.CallerRunsPolicy,14028.0
java.util.concurrent.ThreadPoolExecutor.DiscardOldestPolicy,14338.0
java.util.concurrent.ThreadPoolExecutor.DiscardPolicy,13680.0
java.util.concurrent.ThreadPoolExecutor,94555.0
java.util.concurrent.TimeoutException,13209.0
java.util.concurrent.TimeUnit,36068.0
java.util.concurrent.TransferQueue,26002.0
java.util.ConcurrentModificationException,19445.0
java.util.Currency,27541.0
java.util.Date,80293.0
java.util.Deque,65663.0
java.util.Dictionary,22891.0
java.util.DoubleSummaryStatistics,23820.0
java.util.DuplicateFormatFlagsException,16291.0
java.util.EmptyStackException,12083.0
java.util.Enumeration,12202.0
java.util.EnumMap,57149.0
java.util.EnumSet,44189.0
java.util.EventListener,52700.0
java.util.EventListenerProxy,13962.0
java.util.EventObject,18974.0
java.util.FormatFlagsConversionMismatchException,17232.0
java.util.Formattable,15415.0
java.util.FormattableFlags,13139.0
java.util.Formatter.BigDecimalLayoutForm,16391.0
java.util.Formatter,142344.0
java.util.FormatterClosedException,12380.0
java.util.function,
java.util.function.BiConsumer,13515.0
java.util.function.BiFunction,14066.0
java.util.function.BinaryOperator,14836.0
java.util.function.BiPredicate,18289.0
java.util.function.BooleanSupplier,9978.0
java.util.function.Consumer,12759.0
java.util.function.DoubleBinaryOperator,10554.0
java.util.function.DoubleConsumer,12732.0
java.util.function.DoubleFunction,10423.0
java.util.function.DoublePredicate,15634.0
java.util.function.DoubleSupplier,9975.0
java.util.function.DoubleToIntFunction,10211.0
java.util.function.DoubleToLongFunction,10244.0
java.util.function.DoubleUnaryOperator,16028.0
java.util.function.Function,17277.0
java.util.function.IntBinaryOperator,10417.0
java.util.function.IntConsumer,12707.0
java.util.function.IntFunction,10334.0
java.util.function.IntPredicate,15475.0
java.util.function.IntSupplier,9891.0
java.util.function.IntToDoubleFunction,10211.0
java.util.function.IntToLongFunction,10173.0
java.util.function.IntUnaryOperator,15845.0
java.util.function.LongBinaryOperator,10478.0
java.util.function.LongConsumer,12642.0
java.util.function.LongFunction,10363.0
java.util.function.LongPredicate,15528.0
java.util.function.LongSupplier,9921.0
java.util.function.LongToDoubleFunction,10234.0
java.util.function.LongToIntFunction,10173.0
java.util.function.LongUnaryOperator,15908.0
java.util.function.ObjDoubleConsumer,10748.0
java.util.function.ObjIntConsumer,10666.0
java.util.function.ObjLongConsumer,10676.0
java.util.function.Predicate,18491.0
java.util.function.Supplier,9757.0
java.util.function.ToDoubleBiFunction,11047.0
java.util.function.ToDoubleFunction,10549.0
java.util.function.ToIntBiFunction,10944.0
java.util.function.ToIntFunction,10453.0
java.util.function.ToLongBiFunction,10977.0
java.util.function.ToLongFunction,10479.0
java.util.function.UnaryOperator,11653.0
java.util.GregorianCalendar,98055.0
java.util.HashMap,84326.0
java.util.HashSet,41542.0
java.util.Hashtable,92112.0
java.util.IdentityHashMap,68286.0
java.util.IllegalFormatCodePointException,16764.0
java.util.IllegalFormatConversionException,17418.0
java.util.IllegalFormatException,12312.0
java.util.IllegalFormatFlagsException,16270.0
java.util.IllegalFormatPrecisionException,15801.0
java.util.IllegalFormatWidthException,15613.0
java.util.IllformedLocaleException,16599.0
java.util.InputMismatchException,13504.0
java.util.IntSummaryStatistics,21709.0
java.util.InvalidPropertiesFormatException,14217.0
java.util.Iterator,16382.0
java.util.jar,
java.util.jar.Attributes,47001.0
java.util.jar.Attributes.Name,37189.0
java.util.jar.JarEntry,43386.0
java.util.jar.JarException,12895.0
java.util.jar.JarFile,54959.0
java.util.jar.JarInputStream,49967.0
java.util.jar.JarOutputStream,43096.0
java.util.jar.Manifest,25516.0
java.util.jar.Pack200,17350.0
java.util.jar.Pack200.Packer,55414.0
java.util.jar.Pack200.Unpacker,26924.0
java.util.LinkedHashMap,57801.0
java.util.LinkedHashSet,28898.0
java.util.LinkedList,102288.0
java.util.List,80539.0
java.util.ListIterator,26035.0
java.util.ListResourceBundle,24534.0
java.util.Locale.Builder,36396.0
java.util.Locale.Category,16402.0
java.util.Locale.FilteringMode,22827.0
java.util.Locale,141852.0
java.util.Locale.LanguageRange,35788.0
java.util.logging,
java.util.logging.ConsoleHandler,17234.0
java.util.logging.ErrorManager,18283.0
java.util.logging.FileHandler,31099.0
java.util.logging.Filter,9916.0
java.util.logging.Formatter,17788.0
java.util.logging.Handler,31676.0
java.util.logging.Level,34289.0
java.util.logging.Logger,139748.0
java.util.logging.LoggingMXBean,17828.0
java.util.logging.LoggingPermission,14170.0
java.util.logging.LogManager,40191.0
java.util.logging.LogRecord,36984.0
java.util.logging.MemoryHandler,25814.0
java.util.logging.SimpleFormatter,18117.0
java.util.logging.SocketHandler,20164.0
java.util.logging.StreamHandler,25525.0
java.util.logging.XMLFormatter,16283.0
java.util.LongSummaryStatistics,23417.0
java.util.Map.Entry,28152.0
java.util.Map,88628.0
java.util.MissingFormatArgumentException,16471.0
java.util.MissingFormatWidthException,16362.0
java.util.MissingResourceException,15939.0
java.util.NavigableMap,66392.0
java.util.NavigableSet,50697.0
java.util.NoSuchElementException,13451.0
java.util.Objects,33357.0
java.util.Observable,22820.0
java.util.Observer,9730.0
java.util.Optional,36520.0
java.util.OptionalDouble,26375.0
java.util.OptionalInt,26096.0
java.util.OptionalLong,26200.0
java.util.prefs,
java.util.prefs.AbstractPreferences,143610.0
java.util.prefs.BackingStoreException,13327.0
java.util.prefs.InvalidPreferencesFormatException,15983.0
java.util.prefs.NodeChangeEvent,15678.0
java.util.prefs.NodeChangeListener,11219.0
java.util.prefs.PreferenceChangeEvent,17010.0
java.util.prefs.PreferenceChangeListener,10673.0
java.util.prefs.Preferences,122283.0
java.util.prefs.PreferencesFactory,10804.0
java.util.PrimitiveIterator,15825.0
java.util.PrimitiveIterator.OfDouble,18397.0
java.util.PrimitiveIterator.OfInt,18274.0
java.util.PrimitiveIterator.OfLong,18232.0
java.util.PriorityQueue,55320.0
java.util.Properties,61933.0
java.util.PropertyPermission,22850.0
java.util.PropertyResourceBundle,26112.0
java.util.Queue,27743.0
java.util.Random,59813.0
java.util.RandomAccess,8960.0
java.util.regex,
java.util.regex.Matcher,73507.0
java.util.regex.MatchResult,19249.0
java.util.regex.Pattern,82761.0
java.util.regex.PatternSyntaxException,17821.0
java.util.ResourceBundle.Control,69490.0
java.util.ResourceBundle,80769.0
java.util.Scanner,128262.0
java.util.ServiceConfigurationError,14124.0
java.util.ServiceLoader,29473.0
java.util.Set,50926.0
java.util.SimpleTimeZone,72679.0
java.util.SortedMap,38030.0
java.util.SortedSet,33271.0
java.util.spi,
java.util.spi.CalendarDataProvider,15961.0
java.util.spi.CalendarNameProvider,30928.0
java.util.spi.CurrencyNameProvider,17828.0
java.util.spi.LocaleNameProvider,25088.0
java.util.spi.LocaleServiceProvider,23489.0
java.util.spi.ResourceBundleControlProvider,11894.0
java.util.spi.TimeZoneNameProvider,19268.0
java.util.Spliterator,59056.0
java.util.Spliterator.OfDouble,27124.0
java.util.Spliterator.OfInt,26941.0
java.util.Spliterator.OfLong,26943.0
java.util.Spliterator.OfPrimitive,21713.0
java.util.Spliterators.AbstractDoubleSpliterator,27533.0
java.util.Spliterators.AbstractIntSpliterator,27404.0
java.util.Spliterators.AbstractLongSpliterator,27419.0
java.util.Spliterators.AbstractSpliterator,25377.0
java.util.Spliterators,74709.0
java.util.SplittableRandom,48098.0
java.util.Stack,23609.0
java.util.stream,
java.util.stream.BaseStream,20356.0
java.util.stream.Collector.Characteristics,18505.0
java.util.stream.Collector,33975.0
java.util.stream.Collectors,136397.0
java.util.stream.DoubleStream.Builder,14155.0
java.util.stream.DoubleStream,86116.0
java.util.stream.IntStream.Builder,14002.0
java.util.stream.IntStream,88780.0
java.util.stream.LongStream.Builder,14052.0
java.util.stream.LongStream,87931.0
java.util.stream.Stream.Builder,15406.0
java.util.stream.Stream,111895.0
java.util.stream.StreamSupport,34526.0
java.util.StringJoiner,24694.0
java.util.StringTokenizer,27228.0
java.util.Timer,36982.0
java.util.TimerTask,15846.0
java.util.TimeZone,55232.0
java.util.TooManyListenersException,13585.0
java.util.TreeMap,139362.0
java.util.TreeSet,97924.0
java.util.UnknownFormatConversionException,16279.0
java.util.UnknownFormatFlagsException,16202.0
java.util.UUID,31474.0
java.util.Vector,128713.0
java.util.WeakHashMap,57385.0
java.util.zip,
java.util.zip.Adler32,17703.0
java.util.zip.CheckedInputStream,19831.0
java.util.zip.CheckedOutputStream,17561.0
java.util.zip.Checksum,11237.0
java.util.zip.CRC32,17812.0
java.util.zip.DataFormatException,12759.0
java.util.zip.Deflater,47968.0
java.util.zip.DeflaterInputStream,32173.0
java.util.zip.DeflaterOutputStream,33848.0
java.util.zip.GZIPInputStream,23893.0
java.util.zip.GZIPOutputStream,24583.0
java.util.zip.Inflater,32078.0
java.util.zip.InflaterInputStream,33072.0
java.util.zip.InflaterOutputStream,27855.0
java.util.zip.ZipEntry,68098.0
java.util.zip.ZipError,12299.0
java.util.zip.ZipException,13048.0
java.util.zip.ZipFile,61387.0
java.util.zip.ZipInputStream,50558.0
java.util.zip.ZipOutputStream,51946.0
